UA,Long,Lat
1,-50.129826,-29.249849
4,-49.952371,-29.159473
10,-49.86003,-29.070014
15,-49.859074,-28.979503
21,-49.860002,-28.89
23,-49.680557,-28.894572
27,-49.320126,-28.890081
28,-49.86001,-28.800001
30,-49.68009,-28.79995
35,-49.218004,-28.805127
37,-49.77012,-28.710079
39,-49.588646,-28.70792
40,-49.499466,-28.710759
41,-49.409071,-28.709167
47,-49.59011,-28.619987
49,-49.408916,-28.621879
50,-49.315469,-28.617853
51,-49.232084,-28.6193
58,-49.497344,-28.529238
59,-49.412979,-28.526374
69,-49.947676,-28.43901
70,-49.858788,-28.437969
74,-49.498729,-28.443679
77,-49.229925,-28.440231
81,-48.870006,-28.440008
85,-50.400054,-28.3502
87,-50.221382,-28.35029
89,-50.040497,-28.348379
95,-49.499967,-28.350039
97,-49.319101,-28.348173
98,-49.231971,-28.352694
104,-50.670125,-28.260212
113,-49.86161,-28.260661
114,-49.76909,-28.260536
117,-49.499514,-28.260198
118,-49.411941,-28.259786
119,-49.319129,-28.260778
122,-49.049247,-28.259529
123,-48.959494,-28.262477
134,-50.130437,-28.169917
137,-49.86203,-28.169123
139,-49.68004,-28.169105
140,-49.590092,-28.170285
141,-49.495816,-28.172088
142,-49.40998,-28.169936
143,-49.32228,-28.170117
146,-49.049919,-28.169306
147,-48.958318,-28.168458
148,-48.870237,-28.16948
165,-49.591097,-28.082521
166,-49.498262,-28.082899
167,-49.40999,-28.080325
170,-49.136915,-28.080499
172,-48.960733,-28.080691
173,-48.869911,-28.079961
174,-48.780013,-28.079979
175,-48.690006,-28.080009
177,-50.758215,-27.990802
188,-49.767671,-27.990133
191,-49.491881,-28.012936
192,-49.41219,-27.992173
193,-49.320053,-27.988858
194,-49.230917,-27.98959
196,-49.048792,-27.98904
197,-48.9599,-27.993877
198,-48.869688,-27.990081
199,-48.77991,-27.989878
206,-50.579514,-27.901381
208,-50.399912,-27.900265
211,-50.129431,-27.900401
214,-49.860002,-27.899998
217,-49.590005,-27.9
218,-49.497506,-27.90127
221,-49.23011,-27.900071
225,-48.872028,-27.89829
228,-48.599697,-27.904813
242,-49.949884,-27.809913
246,-49.590001,-27.810002
249,-49.322116,-27.811772
251,-49.140081,-27.809991
253,-48.960908,-27.809636
254,-48.86683,-27.809992
255,-48.780222,-27.809935
256,-48.68992,-27.810041
260,-51.117105,-27.716863
261,-51.028739,-27.717497
279,-49.409204,-27.722096
281,-49.229168,-27.720974
284,-48.960084,-27.720012
285,-48.871509,-27.718777
286,-48.779958,-27.720009
287,-48.692396,-27.717773
297,-50.578673,-27.632026
301,-50.219977,-27.630834
304,-49.950454,-27.630717
308,-49.590005,-27.630004
309,-49.500032,-27.630007
310,-49.410096,-27.629033
311,-49.320431,-27.631126
312,-49.233553,-27.630001
313,-49.144182,-27.629691
314,-49.049307,-27.630293
316,-48.870037,-27.630056
317,-48.780724,-27.62898
318,-48.691554,-27.63005
321,-51.48001,-27.540006
328,-50.849065,-27.539182
336,-50.130154,-27.541056
337,-50.039551,-27.54037
340,-49.770614,-27.54012
341,-49.679474,-27.539356
344,-49.410023,-27.539965
345,-49.316716,-27.537368
346,-49.22781,-27.539087
347,-49.140033,-27.539971
348,-49.049974,-27.539973
349,-48.959997,-27.540035
350,-48.870149,-27.539364
351,-48.779994,-27.540037
352,-48.689569,-27.540205
365,-50.940719,-27.449703
367,-50.761771,-27.450758
369,-50.580326,-27.450483
377,-49.861572,-27.450553
378,-49.770876,-27.450026
383,-49.320077,-27.450021
384,-49.230036,-27.449998
385,-49.140007,-27.449998
386,-49.050091,-27.450664
387,-48.960011,-27.449807
388,-48.870046,-27.450111
390,-48.690056,-27.45003
391,-48.507324,-27.451048
392,-48.419617,-27.451372
395,-51.838867,-27.36188
398,-51.567902,-27.36098
409,-50.580802,-27.359239
413,-50.233636,-27.361006
415,-50.03834,-27.361396
419,-49.679891,-27.359938
421,-49.502356,-27.360556
422,-49.409879,-27.360255
423,-49.319936,-27.359761
424,-49.230109,-27.359744
425,-49.1378,-27.359662
426,-49.049952,-27.358318
427,-48.959972,-27.360019
428,-48.867585,-27.359703
429,-48.779951,-27.359897
430,-48.690172,-27.36131
435,-52.019828,-27.27191
438,-51.749616,-27.26868
442,-51.387925,-27.269726
450,-50.671342,-27.269038
453,-50.400364,-27.269855
455,-50.220006,-27.270004
456,-50.132416,-27.275022
457,-50.041035,-27.270264
460,-49.770206,-27.269969
464,-49.410025,-27.269959
465,-49.320267,-27.271411
466,-49.229977,-27.270045
467,-49.140034,-27.270015
468,-49.052006,-27.2686
470,-48.870107,-27.27214
483,-50.716115,-28.214251
487,-52.019849,-27.180019
494,-51.387318,-27.178985
495,-51.2997,-27.181511
507,-50.217734,-27.181573
508,-50.130104,-27.180009
513,-49.680058,-27.179953
516,-49.410029,-27.180112
517,-49.320013,-27.18001
518,-49.230007,-27.180031
519,-49.139986,-27.179958
520,-49.049242,-27.179789
522,-48.871228,-27.181965
523,-48.779816,-27.180222
526,-48.510008,-27.180002
529,-50.760828,-28.169977
537,-52.830029,-27.090041
551,-51.572328,-27.089858
555,-51.209138,-27.090696
561,-50.671426,-27.088744
562,-50.579798,-27.090955
565,-50.312156,-27.091896
566,-50.220089,-27.092498
568,-50.037394,-27.09198
570,-49.857519,-27.089504
571,-49.770018,-27.090102
573,-49.589992,-27.089982
575,-49.410075,-27.089867
576,-49.32009,-27.08984
577,-49.230095,-27.089908
578,-49.140052,-27.090036
579,-49.049417,-27.090125
582,-48.779916,-27.089952
584,-48.599809,-27.089319
597,-52.65116,-26.99628
602,-52.203635,-27.001997
605,-51.930774,-27.000345
615,-51.029037,-26.99688
619,-50.670213,-26.999792
623,-50.310165,-27.000169
624,-50.219992,-27.000132
625,-50.129991,-27.000029
631,-49.589518,-26.998056
633,-49.409981,-27.000043
634,-49.320038,-26.999956
635,-49.230128,-26.999838
636,-49.140022,-27.000149
637,-49.050917,-27.000442
638,-48.960275,-26.999447
639,-48.869749,-27.000571
640,-48.780277,-26.999929
641,-48.690158,-27.000059
642,-48.600137,-27.000015
660,-52.110299,-26.911205
668,-51.3883,-26.907336
669,-51.299243,-26.910315
672,-51.03268,-26.909121
673,-50.940006,-26.910096
677,-50.849915,-28.034886
681,-50.219737,-26.909849
682,-50.12862,-26.908503
685,-49.862477,-26.909652
686,-49.769942,-26.910041
687,-49.677713,-26.90844
688,-49.587924,-26.911786
689,-49.499667,-26.910199
690,-49.410872,-26.909986
712,-52.470335,-26.819721
714,-52.294059,-26.822301
717,-52.018015,-26.820042
718,-51.969822,-26.788683
723,-51.482385,-26.818087
725,-51.303339,-26.8189
727,-50.894957,-27.990234
728,-51.021817,-26.818528
732,-50.674349,-26.819825
736,-50.309062,-26.82217
737,-50.222716,-26.81728
739,-50.037411,-26.818498
742,-49.76937,-26.821458
743,-49.679967,-26.820093
745,-49.500002,-26.819997
747,-49.320949,-26.818644
748,-49.229467,-26.820851
750,-49.049333,-26.819619
752,-48.871089,-26.81982
753,-48.778677,-26.82246
784,-51.118895,-26.731857
789,-50.670893,-26.730342
793,-50.310002,-26.730093
794,-50.212208,-26.734631
795,-50.131912,-26.731652
796,-50.039996,-26.730094
797,-49.949991,-26.729971
798,-49.860107,-26.730017
801,-49.591515,-26.731441
802,-49.500078,-26.729998
803,-49.407372,-26.727633
804,-49.321701,-26.730599
807,-49.05001,-26.730003
811,-48.694643,-26.730149
830,-51.033634,-27.902082
832,-51.930194,-26.639901
836,-51.57275,-26.641763
837,-51.480167,-26.637447
843,-50.751269,-26.644884
845,-50.580002,-26.640744
847,-50.400061,-26.640089
850,-50.130003,-26.640093
852,-49.949991,-26.64006
853,-49.859877,-26.63998
856,-49.590027,-26.639988
857,-49.5,-26.639996
858,-49.411436,-26.638312
860,-49.229995,-26.639996
865,-48.784324,-26.64132
884,-52.108858,-26.550262
886,-51.033771,-27.852015
887,-51.02787,-26.55349
894,-50.39977,-26.547759
895,-50.312691,-26.551456
899,-49.946791,-26.549628
901,-49.770818,-26.549889
902,-49.680073,-26.550061
905,-49.409925,-26.549984
906,-49.320003,-26.550008
907,-49.226035,-26.552281
909,-49.050062,-26.550144
912,-48.776893,-26.548291
913,-48.689037,-26.552507
918,-53.281482,-26.46119
926,-52.564242,-26.460558
933,-51.030005,-26.4601
934,-50.940893,-26.461762
939,-50.489075,-26.459677
941,-51.121856,-27.810882
945,-49.948858,-26.460407
946,-49.85843,-26.459578
949,-49.590434,-26.45983
951,-49.40998,-26.460002
953,-49.232898,-26.459997
955,-49.051795,-26.462362
959,-48.689995,-26.46
974,-50.938012,-26.371178
976,-50.765957,-26.373158
978,-50.580303,-26.381312
979,-50.488584,-26.370856
982,-50.220028,-26.370169
984,-50.040023,-26.370077
991,-49.410004,-26.369839
992,-49.32015,-26.370663
993,-49.23,-26.370001
994,-49.139805,-26.367982
995,-49.048693,-26.369648
997,-48.870001,-26.369998
1000,-51.164103,-27.764093
1001,-53.64031,-26.27984
1003,-53.281735,-26.282328
1010,-50.495598,-26.27881
1013,-50.220001,-26.279997
1016,-49.949854,-26.277101
1019,-49.681358,-26.279381
1024,-49.228334,-26.278033
1025,-49.139999,-26.280003
1026,-49.050025,-26.280009
1027,-48.961944,-26.28013
1031,-48.600001,-26.280001
1034,-50.491175,-26.190623
1042,-49.770076,-26.19003
1047,-49.140824,-26.187328
1048,-49.047891,-26.192614
1049,-48.960004,-26.190004
1052,-48.690007,-26.19
1055,-50.489104,-26.10079
1059,-50.132936,-26.103016
1061,-49.950813,-26.099712
1062,-51.212513,-27.723394
1063,-49.228674,-26.098843
1065,-49.050002,-26.099977
1066,-48.959586,-26.09961
1068,-48.780368,-26.10023
1069,-48.689597,-26.099634
1072,-48.869998,-26.009996
1073,-48.780046,-26.00866
1074,-48.689996,-26.010002
1123,-51.302608,-27.675028
1187,-51.302017,-27.629683
1188,-51.260407,-27.629181
1190,-51.162762,-27.633365
1191,-51.120598,-27.628208
1195,-50.940004,-27.629999
1249,-51.432694,-27.586808
1318,-51.525069,-27.540195
1388,-51.613785,-27.494134
1461,-51.79501,-27.45021
1536,-51.975011,-27.405781
1542,-51.706008,-27.405073
1616,-51.88499,-27.360205
1618,-51.796013,-27.36001
1619,-51.750043,-27.360625
1693,-51.974703,-27.313974
1694,-51.929929,-27.31502
1703,-51.52605,-27.320084
1770,-52.695145,-27.269907
1774,-52.201183,-27.268846
1775,-52.155009,-27.270002
1787,-51.614357,-27.268075
1859,-52.515001,-27.225
1861,-52.421525,-27.223019
1864,-52.292002,-27.2245
1869,-52.064945,-27.224135
1959,-52.562286,-27.175783
1961,-52.470565,-27.178283
1965,-52.290005,-27.179997
1970,-52.066404,-27.179023
1980,-51.612487,-27.179402
2001,-50.301857,-26.216573
2002,-50.293403,-26.215737
2051,-53.776088,-27.135309
2056,-53.552872,-27.136209
2077,-52.469998,-27.134997
2079,-52.381029,-27.134059
2081,-52.290003,-27.135006
2083,-52.199248,-27.134312
2088,-51.975002,-27.135001
2099,-51.481073,-27.1348
2100,-51.434998,-27.135004
2101,-51.389733,-27.135814
2166,-53.681889,-27.087986
2170,-53.509047,-27.088608
2172,-53.415137,-27.089044
2179,-53.100085,-27.091454
2194,-52.379403,-27.090285
2195,-52.332856,-27.092684
2216,-51.391889,-27.091425
2281,-53.684991,-27.043878
2287,-53.415968,-27.047439
2294,-53.099622,-27.043863
2310,-52.379575,-27.045031
2406,-53.235783,-26.997446
2414,-52.876348,-26.998713
2425,-52.380002,-27
2510,-53.685675,-26.956534
2512,-53.595452,-26.954985
2515,-53.459905,-26.955692
2530,-52.783777,-26.953829
2531,-52.740002,-26.954999
2623,-53.641385,-26.909576
2645,-52.651533,-26.909251
2987,-52.51587,-26.773474
3001,-50.228433,-26.251303
3002,-50.228881,-26.247251
3082,-53.410384,-26.72888
3097,-52.740002,-26.729946
3197,-53.279252,-26.68552
3309,-53.280557,-26.640546
3414,-53.418026,-26.59188
3416,-53.32693,-26.595782
3427,-52.828834,-26.591394
3520,-53.413706,-26.547662
4000,-50.963991,-26.861249
5000,-51.136681,-27.6909
6001,-53.285612,-26.308971
6002,-53.293898,-26.328532
6003,-53.298529,-26.400648
6004,-53.301782,-26.432752
6005,-53.377456,-26.471861
7001,-52.571278,-26.469806
7002,-52.564086,-26.465317
8003,-48.527578,-27.717488
8009,-48.6876,-27.449935
8010,-48.563254,-26.349745
8011,-48.801947,-26.030286
8012,-48.610557,-26.393337
8013,-48.645008,-26.853616
397,-51.659999,-27.359997
403,-51.120003,-27.359997
405,-50.939998,-27.36
491,-51.659997,-27.179999
930,-52.200001,-26.460002
938,-50.579998,-26.460001
1056,-50.400004,-26.099996
863,-48.960004,-26.639997
1021,-49.500003,-26.280002